type,petrol_litres,diesel_litres,gas_kg,electricity_kwh,oil_litres,total_emission_kg_co2
industry,1613.43,1325.46,790.71,12340.15,1392.91,54267.94
industry,1745.73,3205.02,722.67,1391.11,2912.74,44694.48
household,10.15,99.22,34.7,650.49,0.35,882.83
industry,1262.52,1127.72,327.54,7960.88,1422.6,22655.83
industry,826.68,4924.54,493.42,17338.87,2072.89,55742.05
household,190.29,96.56,42.34,374.15,4.88,1164.7
industry,1398.2,3244.98,841.54,4293.93,1234.08,39760.17
household,69.23,52.01,31.87,266.37,48.48,755.06
household,85.08,92.67,39.09,393.89,28.52,958.22
household,71.81,38.87,20.85,845.86,17.84,1047.3
household,62.44,29.63,16.61,114.07,21.17,415.61
household,11.05,81.55,38.27,756.11,38.56,1029.51
industry,1337.05,4617.32,857.54,9539.56,376.69,46185.71
household,71.78,72.96,35.5,898.49,23.61,1215.36
household,171.29,72.17,19.44,330.46,2.02,942.56
household,14.83,10.79,11.26,672.77,15.72,688.59
household,36.47,60.44,31.59,282.76,47.14,697.88
industry,406.32,4683.64,817.71,13034.67,2627.24,109706.51
household,89.14,88.33,22.97,209.88,17.81,757.7
industry,533.08,2421.99,827.11,17353.88,120.16,59504.11
industry,1021.18,3615.96,305.94,5638.38,588.04,37968.05
household,143.57,36.36,48.87,966.2,12.59,3397.82
industry,381.37,4989.83,303.44,19555.68,1292.01,51906.97
household,182.57,23.96,15.8,540.51,49.28,3020.45
household,25.36,36.97,19.69,822.83,23.52,996.23
household,111.8,9.03,43.41,388.7,9.33,719.43
household,71.93,22.02,38.45,828.55,17.43,1020.17
industry,1412.78,2240.31,939.89,3612.9,1089.09,21895.19
industry,1128.75,3631.03,267.12,4324.14,2948.29,44183.47
industry,559.52,918.96,902.35,18107.94,1935.99,51500.52
industry,1430.68,4309.98,863.51,8685.65,2674.53,53090.86
industry,407.09,4543.49,626.11,1174.74,394.27,37543.57
industry,639.45,1874.14,511.33,9520.06,2983.93,27430.8
household,55.08,32.54,39.86,684.67,42.46,1017.44
industry,1130.83,2789.66,654.52,5758.77,1810.63,27584.57
industry,1794.89,3340.12,805.07,10550.1,1773.02,97159.12
industry,537.35,2746.37,593.4,15602.53,226.45,60311.4
household,191.25,91.49,24.81,113.91,46.42,964.29
industry,1187.36,4911.49,121.58,6808.24,653.64,42490.75
industry,422.04,3005.61,939.35,14224.57,1753.18,91962.7
household,137.52,35.86,20.17,365.76,16.13,842.84
industry,1434.72,2117.71,328.91,16377.86,2449.33,35841.02
industry,255.03,523.33,646.5,4691.21,305.73,8447.34
household,179.1,33.8,25.02,184.58,28.91,765.83
industry,394.58,4918.28,846.99,17347.69,825.73,100963.68
industry,784.36,1071.77,546.13,15629.88,725.88,52552.82
household,169.98,19.44,26.45,729.56,6.92,3023.97
household,108.1,32.3,41.81,343.75,21.95,764.39
industry,450.23,863.93,456.9,14081.5,268.76,17644.45
industry,575.46,2971.52,728.87,13543.75,911.81,62454.53
industry,1348.51,2460.53,743.54,1906.61,1741.51,22096.12
household,12.73,11.61,11.84,136.66,42.77,322.08
household,13.26,76.34,42.28,411.67,23.23,768.66
household,127.01,63.51,11.81,437.15,31.29,936.42
industry,1124.82,3577.84,635.06,18933.94,2838.33,117683.94
household,188.64,57.55,25.53,678.96,22.91,3295.52
industry,1289.29,4191.92,668.91,4927.0,894.49,41287.2
household,13.46,9.44,37.32,164.07,15.95,354.16
household,74.72,26.07,29.84,723.6,17.42,1010.93
household,149.66,80.35,21.28,259.7,37.53,960.6
industry,1490.13,1074.6,287.52,12030.34,2614.64,28809.84
household,91.51,75.09,40.18,192.81,45.13,804.61
household,84.03,29.76,14.0,148.14,47.93,577.2
industry,706.7,4775.28,953.08,11895.32,1932.33,103252.95
industry,1244.64,2991.66,252.09,18977.7,2365.76,36692.12
industry,1039.4,759.01,572.05,9389.08,2674.34,20271.48
household,194.04,68.8,43.48,880.18,41.92,3563.07
household,23.82,82.19,38.25,173.21,4.24,568.38
household,174.0,88.04,19.47,916.92,29.59,3469.58
household,25.87,77.71,32.34,481.8,45.32,839.69
industry,582.0,2323.41,592.9,15078.5,2324.87,67224.12
industry,1517.49,3125.16,964.06,8122.54,928.57,45366.97
household,92.9,80.21,49.12,600.4,16.13,1058.3
industry,1986.63,832.08,576.16,19416.75,1616.98,57803.62
household,65.95,99.58,37.88,445.78,36.86,1031.66
household,190.58,89.03,28.23,658.12,13.87,3233.46
household,83.77,22.94,20.64,424.31,13.0,693.92
industry,1118.58,1892.87,823.11,14009.89,571.59,58380.73
industry,1887.01,2374.88,602.1,18464.35,339.97,69555.65
industry,185.92,618.65,407.64,16400.51,2963.1,23371.04
industry,1524.2,2268.45,837.71,11812.55,284.18,52450.9
industry,619.47,753.69,871.49,16445.12,2999.18,56872.53
industry,1211.78,3767.54,769.23,8179.16,799.15,42614.17
industry,1912.7,3227.79,267.21,13762.31,1892.57,49211.42
household,14.22,49.82,29.05,848.23,15.39,1018.48
household,116.58,87.67,26.14,220.61,1.44,786.22
industry,1314.79,4122.7,907.99,12728.01,2943.34,110473.33
household,84.53,43.75,46.17,413.43,25.7,878.07
household,66.61,52.36,37.91,816.82,22.97,1173.65
industry,590.66,2566.11,981.03,10359.74,1053.38,55357.94
household,74.9,53.73,28.4,626.29,20.02,984.73
household,44.56,34.57,45.87,526.57,33.38,820.37
household,52.53,82.18,23.8,412.86,1.59,758.75
industry,975.48,1428.5,396.06,10564.93,2102.15,25014.59
industry,1014.18,3595.03,536.07,3982.58,1194.13,37867.7
household,163.18,74.83,17.38,288.41,18.52,911.04
household,154.39,53.13,38.82,156.11,7.39,733.4
industry,1800.89,2802.55,555.51,3036.27,1397.5,24417.12
industry,299.25,3818.32,223.17,11715.34,2538.06,45636.85
household,32.75,89.05,33.74,711.19,39.46,1097.32
industry,1209.98,3815.7,579.86,12144.17,1736.93,96978.69
industry,789.86,3406.63,592.24,7765.84,2960.89,47041.01
industry,114.32,1514.0,397.09,10268.39,2567.37,24348.21
household,42.94,89.68,13.21,572.06,20.52,943.09
industry,1803.56,3091.99,921.53,1100.7,2927.69,43439.05
household,137.04,92.94,32.27,614.45,14.0,3287.2
household,193.92,71.1,17.98,762.62,26.49,3454.31
household,64.84,58.12,16.17,533.03,26.63,819.49
household,96.31,54.86,31.96,281.56,34.23,749.65
industry,1394.86,3921.03,615.86,9959.95,1294.34,46284.37
industry,1716.38,3856.89,438.09,18725.82,2973.7,56731.27
industry,226.34,3835.04,595.75,16994.75,505.34,98392.38
household,161.91,82.51,17.46,312.12,31.69,1023.06
industry,1766.68,2266.0,825.77,9343.56,1193.14,28177.59
household,112.56,43.87,33.1,419.83,19.57,872.59
industry,1822.3,3309.07,161.05,18856.81,1920.35,52970.44
household,41.68,87.86,29.82,767.31,28.66,1177.86
industry,692.27,1618.2,756.75,1637.12,1752.68,19447.59
industry,1533.81,963.12,559.66,8197.61,1425.3,18294.06
industry,1614.86,1174.63,267.79,14722.8,2188.11,30690.22
industry,1174.47,3722.81,619.08,16709.18,2881.32,109246.96
household,86.16,46.2,47.89,238.02,29.31,735.04
industry,586.43,3767.43,613.31,2942.04,2764.38,43895.18
industry,1443.75,1186.43,597.47,12527.59,1329.98,55111.65
household,169.68,91.07,14.91,312.32,8.28,927.39
industry,1849.6,4414.53,542.9,12234.23,1257.11,97308.25
industry,490.6,4045.05,623.54,3171.08,1302.06,41157.32
household,75.81,34.7,39.5,507.0,11.23,825.9
industry,571.63,3099.34,207.24,1643.7,1003.27,35077.42
industry,1301.3,558.93,680.36,4382.68,2887.1,16789.35
household,173.52,53.51,17.38,369.64,15.5,928.54
industry,498.82,4541.24,244.88,4623.07,205.99,38255.42
household,121.62,29.4,38.56,574.88,26.72,3007.7
household,116.33,15.52,17.28,875.61,47.31,3158.5
household,180.51,52.66,42.03,981.04,41.99,3725.5
household,15.15,22.2,19.24,704.7,0.99,703.18
industry,1181.94,4493.57,578.89,14695.45,2435.41,114716.59
household,172.58,83.02,25.89,701.28,10.25,3230.94
household,26.52,63.32,39.44,863.32,6.14,1112.22
industry,900.71,4517.02,826.57,7494.53,852.33,44402.12
industry,165.03,4237.95,377.93,15702.86,1152.0,50400.93
industry,1902.06,3936.23,183.11,17500.89,1513.55,55770.29
household,44.6,48.48,30.5,767.52,34.94,1031.1
industry,364.78,4257.19,985.18,10988.11,597.87,89327.92
industry,1662.91,2883.48,824.3,10463.72,294.81,56160.05
household,167.65,20.64,10.44,223.2,45.0,798.92
household,57.64,63.31,29.77,615.96,41.91,992.64
household,108.59,4.7,16.65,764.23,4.14,2980.59
household,22.97,83.71,27.49,923.96,36.08,1221.2
household,100.45,66.37,47.47,759.31,10.75,3051.02
household,40.78,84.15,43.86,959.71,7.73,1272.38
household,30.25,7.51,39.13,545.94,34.42,736.2
industry,244.27,849.94,52.22,19386.29,115.24,18423.44
industry,274.01,4627.91,179.98,19054.51,1393.42,51048.59
household,192.05,75.84,35.56,783.13,36.21,3534.1
household,57.44,48.94,18.85,988.9,47.2,1192.3
household,121.77,99.94,32.23,525.89,15.64,2997.58
industry,664.96,4659.78,972.51,18941.06,1475.22,116410.46
industry,964.77,2850.96,662.32,13353.18,1157.62,61792.1
industry,246.21,3633.3,372.88,14770.57,289.53,43441.17
industry,1122.96,3477.45,750.96,10883.19,1337.77,96392.73
household,14.64,87.01,10.85,887.23,26.45,1141.52
industry,233.06,542.68,100.05,2682.32,209.03,5007.02
household,176.0,98.41,40.73,475.99,21.07,1264.42
household,10.64,46.73,21.88,867.54,35.78,1025.61
household,13.4,98.77,27.11,445.89,33.98,804.39
household,161.62,25.9,33.54,984.1,44.21,3495.96
household,126.55,16.7,49.65,308.5,47.14,869.62
industry,1678.22,1041.52,94.6,8297.72,206.52,20155.81
household,76.52,5.78,48.76,895.41,46.39,1247.55
industry,594.44,2818.62,516.63,19930.38,2702.56,76957.11
industry,525.25,2916.38,613.29,12021.64,365.31,55281.13
industry,618.62,2645.05,92.16,17191.68,202.72,27914.91
industry,1146.63,891.44,438.03,8081.08,853.29,15457.68
household,111.19,96.21,14.38,905.03,49.57,3274.45
industry,1013.11,3165.84,833.45,7608.37,2066.25,45048.39
industry,1494.43,2845.67,874.75,5660.43,556.29,23888.9
industry,1690.33,3638.62,696.13,12753.62,2282.88,100336.4
industry,1926.5,2594.62,885.12,1097.76,2477.85,25475.15
industry,405.44,4180.85,840.53,10641.89,118.52,85482.04
household,72.02,55.98,14.63,439.03,0.45,744.14
household,30.33,76.1,31.65,966.69,17.09,1220.06
household,153.2,78.88,16.95,793.77,47.36,3273.09
household,22.8,58.22,23.84,658.82,2.29,856.39
household,138.45,44.6,35.9,634.96,19.18,2980.0
industry,714.86,2698.89,781.89,13982.61,1393.12,60969.42
industry,1894.18,959.87,861.5,11013.46,2495.17,48666.83
household,25.65,68.05,36.18,345.93,47.54,726.65
household,148.94,90.95,44.29,968.07,38.0,3588.57
industry,877.73,4523.45,268.46,5048.99,190.29,40170.25
household,116.92,47.15,31.73,243.32,10.19,686.92
household,156.48,84.48,40.44,663.6,6.56,3116.24
household,193.83,18.55,28.48,101.11,29.92,748.57
household,91.76,20.05,29.66,157.79,29.1,543.95
household,92.32,98.44,15.98,518.14,34.02,1024.49
industry,1240.04,1812.48,710.23,17342.33,2361.57,66796.97
household,152.34,14.59,14.11,613.81,0.92,2933.52
household,143.47,55.96,10.39,393.82,25.89,863.41
industry,256.77,4210.31,389.91,7119.8,2934.65,44888.07
household,162.11,20.02,16.7,194.11,31.82,732.05
household,123.01,61.66,34.52,368.95,46.76,1016.15
household,162.33,33.95,42.59,172.1,44.74,850.78
household,158.93,48.09,11.63,247.6,21.93,806.7
household,56.95,15.95,44.87,297.29,48.79,663.76
household,175.65,43.37,11.75,245.51,1.04,772.58
industry,1993.03,4886.57,667.81,4791.31,2072.66,46752.5
industry,486.8,4282.04,215.48,19254.83,1306.13,54134.57
industry,757.28,2169.67,988.27,1762.07,2614.39,23727.46
household,15.58,39.55,34.25,637.95,39.65,880.53
industry,1225.47,4605.64,250.13,12836.37,1931.52,52508.74
industry,1574.4,2323.9,621.76,13018.27,1181.26,60815.66
industry,1723.33,2715.25,284.87,17544.25,1391.39,35051.11
industry,1358.98,928.68,669.52,6930.81,1257.23,17064.53
industry,717.86,3980.63,174.33,19426.6,1415.99,50962.34
industry,939.85,1989.0,476.34,13718.42,522.69,26353.42
household,127.26,70.68,16.68,250.86,1.83,760.99
industry,1113.67,4018.06,720.12,9481.0,2606.23,50118.74
industry,312.65,1713.87,104.23,11092.22,2816.16,25582.94
industry,526.93,1310.05,134.13,2962.87,1795.55,17403.67
household,197.46,96.51,10.2,956.63,31.96,3742.96
industry,583.03,2847.79,375.52,11112.65,464.65,24448.99
household,143.89,20.19,36.94,972.92,4.7,3363.25
household,54.57,96.33,20.21,695.47,48.93,1123.74
household,104.46,61.78,44.76,613.55,1.52,3178.52
household,184.55,60.06,47.64,844.15,33.35,3532.53
household,134.99,99.94,11.93,979.46,20.35,3598.28
industry,271.92,1799.09,153.65,13359.72,2319.05,28885.95
industry,1634.91,3930.28,807.92,9276.08,2471.72,48632.59
household,133.32,32.84,35.21,648.85,28.17,3066.84
industry,952.52,1568.95,404.59,5318.12,312.27,17942.26
household,132.09,75.93,30.02,588.13,47.57,3311.34
household,14.87,34.12,25.21,458.94,29.01,652.55
industry,849.29,2972.36,759.53,14594.33,1611.58,68581.44
industry,114.37,3413.64,903.13,5626.16,2788.4,41820.71
industry,1010.45,1375.51,208.02,12729.68,1616.95,26598.3
industry,1625.75,2926.23,345.74,12596.34,2176.84,32682.3
household,166.4,52.25,14.93,873.47,39.99,3279.13
industry,303.07,3052.9,293.73,19295.61,1502.28,50875.89
industry,809.67,2869.25,156.69,1049.1,1950.16,20833.07
household,53.34,21.2,34.44,469.93,41.99,804.78
household,115.76,25.56,22.08,758.76,42.56,3184.84
industry,281.52,3307.37,479.18,12145.56,587.24,43385.11
household,99.85,53.54,17.14,381.04,11.51,744.14
industry,540.7,2259.08,614.75,10438.57,2964.58,58137.93
industry,1384.1,2492.23,473.5,14765.82,145.88,28305.99
household,29.78,72.43,33.14,346.74,3.97,628.82
industry,1231.93,2305.35,398.61,7527.65,1889.75,25996.2
household,22.85,80.04,19.35,586.01,44.0,930.17
household,53.86,45.69,17.61,147.1,18.92,461.24
industry,1488.24,2593.43,107.14,11683.64,2877.11,31481.87
industry,1534.19,1267.15,439.0,9031.09,2483.24,25569.19
household,136.33,79.54,47.09,311.18,19.97,940.06
industry,1500.64,3958.7,281.47,13759.61,369.49,45983.59
household,153.5,12.77,43.04,803.83,35.44,3114.05
industry,531.98,2037.54,411.86,7580.11,793.26,21152.08
industry,854.26,2512.41,620.56,10797.91,2766.24,62743.14
household,117.65,39.1,30.05,457.46,26.99,920.86
household,176.82,86.81,42.24,811.03,15.23,3324.94
industry,143.5,1192.06,262.43,19189.13,1761.82,30758.96
household,35.18,86.2,46.91,538.36,30.31,995.6
industry,703.31,4787.59,833.94,13659.83,453.11,98352.31
household,35.68,96.31,31.98,969.24,21.62,1260.93
household,176.46,27.78,44.06,100.3,0.88,704.98
industry,388.85,776.07,791.72,9736.21,268.68,14690.93
industry,1277.05,1838.1,458.82,4242.63,316.43,19043.26
household,29.2,69.22,12.49,558.48,49.83,901.14
industry,519.52,1281.89,672.94,17112.3,2200.52,64260.36
industry,954.59,1375.8,399.37,8868.47,2499.86,26253.49
household,193.13,24.86,15.35,476.72,39.52,1057.6
industry,360.51,2908.9,254.44,1230.29,799.48,18238.91
household,22.28,4.26,24.86,339.27,32.3,496.53
household,28.64,48.82,16.0,392.21,36.87,657.62
industry,1266.75,4368.04,422.77,19168.22,486.12,50733.33
household,69.93,68.81,27.5,329.2,42.04,766.71
household,158.42,82.51,29.82,447.71,22.51,1069.76
industry,226.64,2832.84,192.66,15011.24,1585.44,30534.78
industry,172.24,3857.93,676.08,16240.48,405.57,89808.08
household,150.13,35.33,21.86,414.73,38.73,959.54
household,77.42,41.21,31.98,847.48,3.44,1079.96
industry,256.13,4855.37,330.67,15615.24,1911.52,51594.58
household,11.98,25.54,20.43,162.33,47.99,410.16
industry,1940.13,4094.21,328.18,19619.44,1845.46,57641.87
industry,1089.46,3274.25,198.81,1830.98,421.34,34786.68
industry,807.12,2444.35,467.43,12645.85,2834.92,31483.71
industry,1384.37,2732.22,62.08,19855.89,2047.22,36465.98
industry,1708.38,4635.17,289.63,15345.8,1435.56,55260.27
household,115.98,18.06,12.15,388.05,37.66,747.99
household,18.2,16.48,15.27,753.38,40.89,828.11
industry,386.28,2040.73,442.75,15405.52,2255.93,31345.31
household,117.35,68.89,44.93,672.66,38.06,3127.06
household,116.03,81.18,39.67,893.31,13.9,3268.14
household,162.01,20.4,32.2,759.76,30.8,3124.89
industry,812.99,2924.13,547.95,17112.91,2535.9,75987.82
household,48.47,95.81,24.72,394.24,7.44,769.18
household,105.39,12.47,25.42,679.03,39.02,2922.69
household,84.39,41.26,37.82,102.9,30.98,572.29
industry,836.58,2310.47,880.55,10692.08,2197.87,57730.0
household,116.68,56.07,34.14,708.82,40.25,3130.44
household,71.2,63.65,15.96,725.87,37.3,1123.48
industry,1598.37,2827.71,468.19,3801.6,1051.76,23278.83
household,80.57,6.25,42.05,789.93,36.68,1046.95
industry,900.37,3362.8,796.37,3248.39,1288.72,40714.63
industry,1505.97,4776.41,242.79,11745.45,2940.98,52236.67
industry,145.96,4242.64,309.42,10843.5,966.3,45893.32
household,172.02,22.55,25.08,515.56,24.05,2996.34
household,101.76,13.35,13.22,755.15,24.82,2973.13
industry,113.36,757.76,263.96,3495.64,1256.62,9497.49
industry,1917.57,810.31,104.2,6361.55,858.95,13931.12
household,159.55,97.48,24.85,486.0,42.24,1180.81
industry,1026.39,651.26,109.52,18222.31,503.81,20721.57
industry,1566.53,888.91,274.95,14916.53,1690.13,22443.78
household,188.0,5.23,26.75,334.14,36.54,937.11
household,37.54,72.52,17.65,404.44,15.43,735.67
household,76.41,11.41,16.05,302.79,12.55,553.56
industry,1135.7,4912.33,266.04,8675.58,1673.38,49309.8
industry,1132.72,867.76,485.39,10209.23,580.75,16946.78
household,51.06,9.76,44.48,514.15,37.46,776.05
industry,1073.76,4128.82,486.28,1987.17,2380.21,41349.46
industry,1757.06,2951.81,770.5,15328.05,152.04,62027.56
industry,1771.21,4417.6,276.86,9573.55,2956.47,53472.3
industry,1149.78,923.68,376.48,6366.19,1233.11,15016.1
industry,1347.88,4199.46,411.4,15736.63,2896.98,54145.63
household,27.87,35.67,40.3,348.8,15.62,614.06
industry,1838.67,2898.63,200.06,14222.08,2400.46,34675.84
industry,789.89,4537.34,210.41,10633.97,1834.53,45716.97
household,179.86,65.43,16.08,496.29,30.76,1076.45
household,32.35,73.97,22.79,989.57,24.27,1167.67
household,130.59,16.6,45.28,484.74,8.11,855.17
industry,276.76,632.14,831.81,4985.31,1199.18,12486.58
household,173.05,81.91,31.63,739.22,15.72,3349.61
industry,1338.17,1913.27,291.61,16565.85,2651.48,34440.84
household,145.28,82.6,14.03,315.89,7.1,862.36
industry,463.39,3262.0,463.73,11967.74,2240.4,48082.4
household,196.03,63.41,15.05,708.56,16.26,3350.91
household,139.52,16.71,36.21,992.57,3.63,3158.57
industry,1418.89,2806.95,340.05,5040.24,196.25,21020.76
household,154.26,90.36,19.31,826.66,2.95,3474.62
industry,1823.67,3518.3,582.42,3108.8,1396.46,41281.32
household,82.51,12.88,26.51,822.12,23.95,988.56
household,150.58,91.81,21.2,872.51,14.61,3549.39
household,142.87,83.95,49.27,659.21,27.96,3355.33
industry,634.89,4427.39,156.95,14370.03,1668.03,47777.86
household,18.76,56.72,21.35,842.08,3.71,932.6
household,151.21,4.81,46.12,867.04,33.39,3325.44
industry,1979.15,3317.79,554.75,16924.89,927.34,101936.96
industry,1991.33,4350.63,545.37,2209.18,2510.98,46479.63
industry,1501.37,2863.58,81.01,17502.48,287.59,32894.81
household,108.31,43.04,22.68,491.14,38.69,942.9
household,41.32,17.06,47.92,500.72,39.44,805.04
industry,1073.49,969.01,415.29,10265.67,1991.45,20640.4
household,99.85,98.38,20.76,466.27,44.57,998.62
industry,997.74,705.42,183.02,6259.47,2917.44,16934.92
industry,1282.79,2613.85,475.09,10011.48,1813.52,29271.53
industry,114.56,1485.81,84.89,3052.49,1082.7,15176.74
industry,515.17,2285.59,92.17,6278.62,2468.38,23442.69
industry,316.29,2053.5,532.04,17610.23,1531.29,63496.28
industry,956.13,4682.42,206.94,8407.57,2216.59,49683.55
industry,1456.66,3235.57,343.9,16652.02,2869.68,55680.07
household,173.95,0.21,38.7,846.63,2.03,3336.61
household,31.75,38.38,28.25,432.15,6.05,624.9
household,181.06,40.42,22.84,774.87,20.63,3330.0
household,78.76,59.37,10.41,672.49,45.66,1050.26
household,42.65,63.79,39.64,576.99,41.45,1012.61
household,12.22,42.2,21.8,537.4,28.86,686.87
industry,1635.24,1472.23,493.28,16517.74,295.42,28161.22
industry,916.87,3528.35,311.61,6819.96,2388.06,43876.46
household,83.01,45.01,33.17,783.42,4.94,1107.62
household,80.52,60.11,38.22,719.56,18.73,1061.65
industry,1326.91,701.5,773.81,18986.24,1085.33,51197.89
household,131.01,34.06,12.87,468.67,15.56,870.94
industry,1109.06,4287.76,601.21,11634.08,405.25,89724.51
household,102.26,2.75,30.22,967.62,19.21,3029.12
household,185.87,41.42,25.82,381.89,7.35,947.81
household,181.02,11.61,48.24,382.57,44.42,1029.15
household,113.62,8.82,34.28,236.43,1.55,613.6
household,112.87,15.41,32.15,587.53,38.1,3074.9
industry,776.75,4220.67,723.56,4366.25,1571.59,43561.91
industry,1936.19,3009.69,379.91,12028.88,503.67,44552.95
industry,1651.84,1432.89,793.27,14956.98,971.42,58429.33
household,127.93,20.13,25.81,135.51,23.78,599.97
industry,351.51,3168.57,619.16,7715.75,1429.55,39180.35
household,160.2,12.48,41.77,348.19,43.85,965.04
industry,1903.31,2808.06,138.99,15337.8,1526.6,33093.53
household,64.3,20.32,40.47,447.89,25.56,754.71
household,147.89,89.45,28.24,499.11,30.11,1161.14
industry,1916.49,1402.14,153.8,17225.28,1373.53,32312.73
household,55.67,31.19,20.24,127.71,48.58,485.7
industry,136.32,2645.8,703.34,14731.43,2108.34,61456.86
household,132.45,81.98,23.34,759.75,26.43,3381.17
industry,1995.86,3545.7,837.05,6597.77,141.51,43382.03
industry,1302.52,810.63,55.38,18804.73,2483.59,27860.44
industry,1707.25,3261.22,134.17,10264.93,325.18,41929.08
household,14.65,30.61,31.97,668.88,28.85,848.8
industry,1914.72,2851.59,334.59,2460.38,1551.81,24696.97
household,100.87,14.52,38.4,700.17,10.56,3095.66
industry,1626.62,4681.53,434.85,18216.11,1032.34,55008.6
industry,1143.06,1486.73,81.99,5077.93,1306.75,19827.89
industry,1788.45,2763.88,476.88,12131.43,1911.87,31323.94
household,109.99,46.32,19.39,372.87,14.5,783.2
household,37.15,77.53,20.86,547.03,14.21,809.37
household,147.13,27.15,26.1,192.47,9.45,691.08
household,62.47,70.7,12.51,855.4,0.19,1045.8
industry,257.16,4688.99,835.38,3468.67,1738.45,44446.76
household,159.9,89.19,27.35,918.95,18.87,3652.98
industry,320.44,690.31,586.4,18673.25,2548.32,53060.05
industry,417.21,3708.71,683.07,19354.9,2307.01,114171.17
industry,1893.57,1710.36,501.64,13052.46,2998.45,64759.23
household,191.79,50.04,27.31,511.93,10.44,3063.87
household,10.55,85.9,17.44,596.86,20.79,866.99
industry,1348.97,2625.27,886.15,5099.07,2065.66,27472.13
household,85.0,93.08,15.03,763.39,48.73,1183.87
household,145.51,19.92,45.61,358.67,18.39,827.62
household,158.58,54.38,13.99,719.24,12.09,3304.5
household,13.67,12.44,26.55,543.58,20.21,642.68
household,60.67,72.49,45.11,137.49,19.88,648.24
industry,1570.58,3978.15,545.23,19544.26,464.1,101089.18
industry,826.9,2154.8,222.65,9274.64,1063.09,23258.85
industry,1084.13,2066.43,403.15,1025.72,969.42,17784.5
industry,1770.58,3540.11,569.62,16765.5,1857.83,105165.56
industry,856.21,1863.12,112.41,5336.47,815.15,18706.24
industry,213.46,3522.39,603.1,19813.97,793.56,100262.36
household,113.45,96.28,13.02,429.11,11.27,910.61
household,180.25,84.72,22.61,348.61,49.08,1123.41
household,83.75,67.41,20.4,410.67,45.87,868.68
household,112.37,6.06,37.6,721.09,46.53,3095.6
industry,950.58,1104.24,960.04,11063.53,801.49,48218.83
industry,1928.39,3294.09,932.23,15456.23,1685.89,102579.0
industry,183.41,1245.87,473.26,4974.52,244.94,15380.29
household,199.05,52.72,25.67,693.2,5.44,3304.26
household,199.02,71.17,49.25,612.59,12.98,3311.25
industry,434.58,1462.81,62.38,1269.61,2505.24,17869.75
industry,1893.03,4820.61,545.39,19568.85,2296.2,117389.84
household,156.89,31.0,19.28,512.41,39.07,3160.62
household,156.61,49.89,10.48,108.13,17.85,688.51
household,162.9,4.61,42.32,260.1,25.73,817.35
household,91.45,2.92,29.24,696.19,5.93,873.17
household,198.12,95.48,29.79,561.45,24.08,3368.39
household,153.31,91.84,48.04,619.41,17.86,3391.14
household,83.4,57.38,26.62,862.54,45.11,1293.8
household,29.34,50.6,18.83,135.04,1.8,362.6
household,139.11,22.49,27.26,747.24,28.17,3123.75
household,154.17,28.25,24.12,904.68,47.32,3496.9
industry,1549.91,4204.22,894.44,11345.61,692.94,94748.72
household,73.0,85.5,18.28,164.04,3.45,621.71
industry,974.0,927.74,835.41,1905.18,2207.57,14744.23
household,134.38,15.16,45.04,585.19,14.12,2978.27
industry,844.47,2960.15,555.42,12218.19,277.86,53765.03
industry,1948.85,1517.56,338.99,6774.91,768.21,20970.14
industry,463.13,1895.38,745.14,13172.08,1306.24,56348.5
household,67.56,32.53,38.5,835.1,9.08,1051.89
industry,1999.13,2325.88,259.46,15487.17,1673.17,32365.17
household,24.91,54.45,38.37,250.59,39.03,626.86
industry,1294.02,2668.4,393.62,19034.96,1933.26,35432.42
industry,294.78,2812.35,533.45,8016.33,2805.48,29382.69
household,44.24,9.82,42.14,209.83,6.26,457.41
industry,620.74,4131.82,235.48,7561.5,1073.27,44129.23
industry,325.86,3941.24,687.5,9271.16,1693.0,44382.27
household,40.98,78.62,39.38,445.92,1.26,818.37
household,161.53,61.59,43.73,187.76,27.95,893.02
household,113.82,96.7,12.07,554.32,35.92,3215.65
industry,1926.88,3714.85,954.84,5307.82,2650.09,49773.88
industry,688.6,1805.2,877.84,13781.36,2410.38,61270.85
household,187.71,85.07,49.28,665.19,12.38,3270.93
industry,1142.83,1794.35,341.44,7706.21,1901.75,24169.91
industry,1768.17,3224.77,284.77,7761.24,343.37,40125.44
household,73.17,5.66,24.96,950.0,32.09,1137.59
industry,320.76,4014.48,796.01,12420.95,2972.05,101291.71
industry,920.84,4911.66,114.13,10855.32,620.16,48264.2
industry,1960.02,2999.73,230.32,12061.48,692.88,29948.65
industry,602.12,1424.0,508.89,6102.14,933.64,19379.33
household,37.35,59.54,16.88,932.97,3.42,1062.35
household,123.82,62.36,35.94,340.66,0.76,880.64
industry,1170.95,2528.09,688.45,12087.58,1624.69,59545.84
household,174.56,94.67,14.24,239.35,47.24,1038.68
household,11.27,77.23,35.01,436.2,2.52,710.32
industry,1207.56,1638.96,477.74,19194.04,1257.2,33617.59
household,150.49,21.47,36.6,548.24,37.14,3004.5
household,152.19,91.45,27.36,332.84,21.72,1028.34
household,199.29,22.92,31.88,703.61,35.04,3184.89
industry,478.61,4448.62,751.79,1261.17,820.29,37273.69
industry,246.58,4600.26,387.12,9070.66,724.5,43736.14
household,25.42,95.15,43.54,824.58,41.15,1276.25
industry,1594.86,2288.52,537.93,5813.79,2964.21,28059.99
household,80.51,92.08,33.38,584.5,13.44,1031.63
household,173.37,3.5,41.49,470.21,43.69,1043.37
household,91.24,44.25,35.97,942.65,3.2,1257.16
household,159.17,59.88,18.04,631.21,20.38,3141.29
household,186.15,10.54,40.58,468.7,32.76,1020.98
household,31.26,51.64,41.46,948.28,37.34,1232.44
industry,1401.76,996.94,324.73,6886.33,824.88,14624.94
industry,584.28,3841.39,122.8,17580.08,2501.54,51232.88
industry,1910.35,1970.34,386.7,10607.05,2829.25,32865.22
industry,1816.76,849.38,837.43,7628.91,1612.64,19856.16
industry,1692.03,4364.44,760.94,9345.0,1870.59,48543.0
industry,881.08,3748.68,415.56,10298.15,1345.86,46242.78
industry,1465.61,3795.8,539.19,4065.89,342.31,37468.94
industry,1491.59,4467.48,165.42,13058.15,1788.22,49174.49
household,125.47,24.54,12.31,451.93,11.71,770.15
household,118.66,98.62,26.59,778.48,43.57,3426.06
household,143.41,17.17,30.0,470.76,43.53,975.06
household,189.57,69.66,29.83,939.81,21.95,3709.52
industry,491.88,2263.37,900.89,4882.01,1572.63,22668.52
industry,1261.54,4357.89,689.58,8754.26,2668.3,49145.05
household,58.12,1.0,38.94,582.09,41.81,862.49
household,48.65,12.74,21.42,578.42,25.53,773.01
industry,1776.86,2598.39,121.91,8368.7,2430.26,30600.09
household,49.51,4.2,29.17,263.55,37.15,540.46
household,133.18,7.41,25.02,823.43,21.67,3287.61
industry,181.39,2508.74,116.5,14855.46,1864.39,29976.22
household,98.21,72.27,36.27,737.89,0.42,1102.72
household,170.04,37.32,35.28,185.83,5.18,728.95
household,155.64,58.37,41.28,776.57,40.15,3383.02
industry,127.79,1432.59,727.57,8345.78,2021.2,22884.04
household,152.5,90.82,40.35,637.44,32.71,3450.26
industry,1129.13,3912.2,341.56,8884.45,2167.06,46323.89
household,69.63,24.15,18.6,482.37,45.39,791.46
industry,1160.06,3131.01,176.97,9433.32,1407.25,44845.83
industry,616.7,3615.62,300.86,18842.3,1945.49,51445.36
industry,1669.24,2584.02,314.53,13439.47,2488.93,32525.09
industry,1648.39,4001.11,772.81,4566.73,356.32,42301.52
household,38.62,21.72,28.56,337.6,20.76,583.5
industry,1158.94,675.41,683.51,7137.52,2703.97,19935.68
household,149.88,43.64,36.67,184.89,37.4,843.92
industry,227.79,927.13,998.95,7206.15,2269.73,18156.77
household,11.09,46.58,32.85,373.63,15.91,622.22
industry,784.81,4026.82,587.87,6942.78,1997.59,43875.51
household,13.26,91.66,38.25,378.06,6.63,717.81
household,117.05,62.46,44.58,628.24,29.05,3313.97
industry,1492.71,3542.56,181.51,11997.96,1751.51,49493.88
industry,1865.37,2038.57,551.29,5021.08,2987.33,29410.63
household,173.6,46.12,47.6,553.6,47.46,3347.84
industry,1387.31,2179.05,944.61,4179.78,1551.04,24657.38
industry,1951.07,814.1,576.95,15208.09,2449.75,53637.96
household,143.98,45.52,36.71,853.63,8.49,3127.35
household,14.74,17.14,28.14,509.39,34.29,695.36
household,102.81,40.19,16.15,615.35,13.85,3056.38
household,150.71,9.49,33.76,732.38,3.33,3000.12
industry,1253.01,4464.38,888.77,13521.86,712.57,104440.62
industry,1398.56,2189.48,810.07,17807.08,463.14,62629.54
industry,1805.0,3301.84,974.71,9835.18,2557.42,48225.71
household,76.03,43.54,25.84,702.38,44.59,1037.12
household,83.26,7.1,18.43,306.43,23.46,563.34
household,24.22,43.85,31.2,986.77,8.3,1054.2
household,62.89,79.83,23.05,369.45,11.63,732.0
industry,794.63,2091.64,337.36,19532.09,593.33,32190.88
household,75.1,86.47,16.2,174.46,24.23,644.6
household,127.27,15.6,29.14,802.5,15.18,3060.21
household,61.99,48.78,13.29,513.63,15.32,798.27
household,63.56,36.38,17.63,412.36,27.36,738.57
industry,1738.19,1912.44,561.12,16962.05,2969.41,77307.34
household,13.01,52.28,28.83,690.45,27.98,909.45
household,78.67,85.98,26.27,395.41,22.7,894.76
household,181.63,88.99,42.71,559.13,36.81,3340.89
household,132.5,22.98,32.11,434.96,33.08,870.97
household,172.39,16.53,44.17,541.69,20.33,3193.33
household,186.15,96.99,32.85,228.7,18.73,1053.02
industry,1798.57,2018.66,742.99,11891.24,1079.18,61356.14
industry,518.96,1481.93,880.37,5743.71,863.42,18696.84
industry,1240.53,740.82,407.7,5409.06,869.57,12761.7
industry,278.18,2687.59,924.7,1761.12,945.24,18858.89
household,159.3,58.99,10.26,795.26,35.12,3335.3
household,91.7,59.69,49.98,792.5,19.89,1260.71
industry,1381.36,3933.02,93.18,13285.41,757.55,47608.13
household,106.87,50.13,12.01,131.42,27.56,590.54
household,199.32,79.6,40.15,293.95,16.8,1073.08
industry,312.03,3237.44,317.0,4296.42,1201.28,38004.15
household,20.55,56.85,36.06,289.7,27.82,636.87
household,186.54,38.73,12.65,117.24,41.34,774.62
industry,637.32,2383.62,327.89,7311.91,951.95,21212.76
industry,604.44,3251.59,694.57,7033.44,2559.52,46383.05
industry,1062.03,2076.86,917.28,7455.63,1421.3,25901.33
industry,1441.87,3302.1,990.6,6925.71,1085.92,41714.31
industry,1714.12,900.45,992.11,11279.06,2956.05,54339.97
household,186.44,6.18,13.69,246.51,29.76,738.44
household,95.27,91.32,17.58,104.52,3.0,635.18
household,153.23,57.79,46.17,835.67,37.85,3274.78
industry,978.54,4392.33,286.99,14625.29,2582.78,52623.77
household,182.74,31.39,37.64,344.47,9.53,895.74
household,124.72,86.31,42.9,256.01,24.29,883.23
industry,1036.36,1849.74,616.28,9243.03,576.78,22330.24
industry,774.75,703.62,257.01,1288.36,1786.11,9604.63
industry,1176.55,3456.64,903.47,8590.86,1047.7,42188.69
industry,582.48,4009.95,143.8,2437.56,1148.47,35887.81
household,50.79,6.72,33.79,764.98,1.62,881.19
household,52.38,87.31,41.58,773.34,28.06,1153.72
household,196.88,25.97,48.79,488.11,17.38,1063.73
household,15.18,52.36,18.73,990.49,28.72,1075.37
household,78.25,82.36,42.83,529.62,17.54,993.74
industry,198.39,3007.9,198.23,16857.23,1139.17,47695.03
industry,520.35,2214.46,817.99,16648.85,1215.37,62322.53
industry,488.07,575.4,695.24,2454.8,1320.21,10183.7
industry,1003.63,2334.87,203.16,13471.78,2916.34,32779.87
household,170.52,22.4,19.57,561.07,38.68,2929.82
industry,245.93,2096.0,573.13,8660.95,2517.57,27168.37
industry,932.54,4546.67,964.15,9438.19,2275.08,50845.4
household,135.05,7.01,25.81,263.6,7.84,664.65
household,39.69,22.01,30.73,739.1,4.79,844.7
industry,1489.82,4811.53,259.42,17837.45,2809.48,61265.31
household,70.15,28.57,13.65,383.34,2.15,615.91
industry,1489.84,4210.12,189.11,16825.66,1666.86,55122.34
household,30.45,76.81,30.02,490.39,12.48,803.0
industry,686.09,3078.69,358.95,1746.12,888.8,32870.22
industry,1423.72,1959.56,272.2,5006.84,2585.86,25773.75
industry,1898.84,2300.96,794.13,6052.64,2971.96,28931.58
household,46.32,45.97,27.24,374.04,9.9,615.1
industry,523.08,1882.47,569.14,8926.67,564.65,20978.37
household,94.03,79.72,38.97,721.37,17.03,1217.44
industry,1357.27,3211.02,204.87,5442.44,168.75,38486.71
industry,678.74,1690.32,315.9,6276.66,204.2,18456.45
industry,174.84,3082.77,423.25,1544.4,1791.43,33962.79
household,69.6,24.79,37.91,427.7,28.31,724.61
household,62.3,70.94,20.86,913.82,18.74,1198.69
household,27.71,41.05,16.53,299.6,15.88,496.73
household,186.78,9.54,28.0,403.71,43.53,940.34
household,73.08,66.28,44.83,783.18,36.38,1212.0
industry,1106.89,1226.15,593.4,16303.21,2304.47,61374.11
household,149.44,34.66,26.31,213.01,8.56,736.07
household,84.46,69.72,17.74,677.35,12.99,1062.47
household,69.26,12.21,14.45,683.29,43.76,932.67
household,137.89,82.44,25.88,240.69,36.9,894.26
household,16.64,98.98,11.2,500.08,25.23,779.68
household,160.83,65.94,33.11,879.49,14.47,3393.56
household,92.53,44.64,34.75,698.83,25.04,1088.62
industry,1875.42,3600.89,832.11,11567.62,2360.6,98771.44
household,58.18,47.1,29.69,275.51,32.6,675.63
industry,580.75,4395.03,147.7,3393.15,2939.54,44510.94
industry,356.65,1182.99,895.1,18934.64,2320.9,62805.54
household,91.52,27.59,40.74,303.65,34.62,723.19
industry,1356.17,3435.06,288.53,13358.08,715.77,44218.78
household,18.55,73.42,23.65,530.68,46.44,847.79
household,15.29,62.27,42.27,857.81,24.14,1122.72
industry,1141.48,1285.91,331.14,13612.67,2899.38,29165.69
household,122.48,16.59,10.99,426.48,27.33,805.2
household,74.78,91.73,26.26,228.95,35.74,758.63
household,159.11,99.44,34.22,377.1,41.88,1163.94
household,66.21,0.11,20.88,296.1,33.09,548.89
household,94.05,4.25,37.39,912.43,41.86,1149.25
household,35.57,9.44,43.26,926.56,32.49,1035.29
household,132.53,28.83,21.95,902.08,0.68,3133.68
household,58.35,1.29,31.61,866.04,47.88,1070.25
industry,1150.91,4155.16,414.84,13659.09,2967.62,52236.43
household,28.04,31.49,13.87,259.21,49.37,524.5
industry,266.53,796.15,896.75,9812.47,1028.08,16020.89
industry,865.14,3526.28,698.08,6989.55,486.31,41022.14
industry,1366.57,1038.03,594.01,5878.13,2431.88,23482.04
industry,1487.47,3286.28,227.31,1488.1,925.17,36264.57
industry,1613.37,1546.44,264.73,11469.97,1618.33,26552.78
industry,1212.57,2936.18,131.73,2083.51,405.9,18954.78
industry,226.72,716.42,330.88,18718.35,1617.32,22332.86
household,57.94,30.78,34.55,908.14,40.5,1175.69
household,179.79,7.46,46.31,996.91,35.02,3573.13
household,78.14,91.13,10.84,384.2,2.84,800.01
household,67.57,96.65,35.12,937.58,33.81,1347.32
household,187.6,25.09,14.82,626.09,48.47,3141.42
household,98.68,7.67,16.64,154.99,24.97,468.89
household,77.4,40.07,14.61,894.95,20.74,1103.25
industry,1271.21,2558.49,427.1,9652.28,1303.39,27893.87
industry,1913.68,1181.45,503.55,12434.33,1787.04,57006.5
household,66.5,16.25,37.02,134.28,31.0,505.56
household,114.95,59.52,44.88,619.28,17.27,3204.37
household,110.69,67.84,33.71,233.52,8.6,779.6
industry,387.75,2447.47,615.9,2531.69,2824.75,24083.82
industry,1054.73,1403.47,349.26,16036.79,2755.79,31879.94
household,62.64,94.09,14.97,887.62,48.55,1249.97
household,124.63,80.17,28.78,480.39,49.78,1053.66
household,101.44,80.97,48.02,119.86,49.13,782.72
industry,530.71,3051.02,383.97,12597.17,169.92,39720.56
household,123.9,90.24,25.33,294.7,22.13,860.26
household,93.82,19.94,20.58,553.19,3.41,771.32
industry,1299.77,4029.82,618.63,8868.68,2878.04,50377.19
household,88.87,1.43,29.13,118.92,40.98,512.88
industry,1551.02,2855.31,265.43,13663.92,332.31,28898.81
industry,371.63,3840.32,281.95,12362.17,1216.8,46797.56
industry,1018.26,2222.53,847.19,3761.21,1566.52,21863.61
industry,1151.25,2842.02,994.85,4834.99,848.5,23402.81
industry,286.21,698.3,226.01,11284.13,1972.16,16636.94
industry,1219.51,2544.25,478.99,18801.63,2953.69,40077.71
household,108.53,24.58,24.33,990.55,34.22,3435.16
household,186.33,9.11,21.44,705.15,8.49,2979.72
household,88.05,48.96,26.62,121.6,16.77,537.96
household,17.87,96.78,31.99,966.84,5.74,1202.11
industry,284.23,1305.64,807.64,13873.37,1686.09,54239.72
industry,1585.1,2466.73,646.36,13301.7,2546.89,67839.38
household,176.12,83.06,18.99,459.4,20.48,1167.64
industry,131.68,1376.48,819.94,6180.36,2221.53,21820.1
household,162.79,86.64,12.38,722.85,7.0,3228.12
household,138.39,61.86,32.74,153.26,31.64,809.66
industry,352.72,1214.32,951.81,17712.43,2730.42,69895.41
industry,773.32,1862.73,744.34,14313.78,1808.16,63238.42
household,119.36,16.15,28.87,598.12,28.51,2881.33
industry,1672.25,1645.43,499.38,1822.99,2128.08,21252.12
industry,1178.04,4083.1,748.27,12592.05,1515.72,96406.8
industry,1832.72,774.18,709.32,4472.27,1025.23,14549.03
industry,642.69,3805.74,72.75,12111.73,2830.28,47370.45
industry,215.71,639.19,728.69,7871.29,463.59,11709.74
industry,472.96,601.54,868.58,11965.22,2682.91,44154.86
industry,1635.95,3252.41,330.96,5859.13,1049.52,39558.3
household,47.74,24.69,22.26,599.62,29.4,802.6
household,167.99,17.73,38.92,795.4,35.74,3319.9
household,86.06,81.19,10.55,684.44,33.44,1126.0
household,60.54,33.28,32.3,736.31,33.13,1043.69
industry,1390.23,4692.83,997.1,14682.99,932.94,110338.1
household,70.75,5.71,15.51,100.84,45.16,401.41
household,105.01,67.49,19.56,782.24,38.0,3158.61
household,187.02,62.04,42.15,175.35,19.3,904.76
industry,1555.13,3612.45,967.36,8477.55,479.08,45076.25
industry,913.55,3344.09,739.81,7972.27,526.96,39935.07
household,151.59,23.22,26.21,342.25,9.93,818.76
household,166.79,79.51,22.95,788.67,7.16,3384.04
household,81.57,33.92,12.5,537.56,5.45,751.72
household,123.99,48.56,31.84,933.58,43.57,3483.33
household,37.87,69.03,47.8,714.29,16.58,1042.5
household,53.94,24.36,22.24,157.32,8.86,387.32
industry,1909.53,1979.7,679.2,15284.68,2454.64,74080.79
household,158.81,80.32,49.46,638.06,4.1,3310.97
industry,1758.78,1259.86,100.95,14631.83,1478.88,29458.65
household,46.96,82.06,37.07,672.44,20.09,1048.98
industry,1248.19,2574.04,837.27,16761.69,2157.23,70038.05
household,99.07,70.56,46.89,227.79,15.21,754.57
household,87.48,88.64,11.89,965.27,33.96,1369.91
household,142.09,62.96,44.54,219.06,48.88,940.2
household,12.04,54.43,49.03,432.22,17.86,707.99
household,41.82,46.26,11.33,209.7,20.79,457.78
industry,574.95,830.14,679.99,12311.96,1303.92,37626.86
industry,1653.48,4527.75,860.58,13797.38,498.35,99896.45
industry,1529.02,2807.94,354.81,12324.95,2987.63,34524.96
household,10.31,37.64,32.83,530.83,43.1,736.2
industry,1838.5,4297.46,755.18,4188.48,449.05,40739.55
household,147.33,23.18,38.22,376.93,12.11,819.42
industry,1280.53,3734.23,155.07,1676.21,2983.56,41189.82
industry,1525.5,1735.28,643.43,2542.12,1411.39,21228.81
industry,1383.61,2790.02,868.37,17454.68,128.74,67626.31
household,17.16,80.81,22.83,606.19,13.97,880.72
household,198.51,85.75,13.89,735.73,17.28,3210.14
household,191.27,12.19,10.73,913.72,3.43,3424.94
household,55.82,23.36,12.73,268.41,27.78,508.73
industry,790.22,2473.91,978.62,16349.45,2238.49,71101.04
industry,1911.47,771.02,332.77,6663.26,1029.16,15009.44
household,184.0,71.79,21.34,393.65,1.04,1032.73
industry,1660.38,2950.84,123.96,19153.52,816.19,36130.09
household,93.61,48.29,18.49,204.0,41.82,673.59
industry,1657.29,4496.86,239.26,6399.5,938.01,43660.81
household,153.36,44.55,33.69,730.84,9.71,3180.93
household,161.32,73.95,35.82,240.2,27.35,904.55
household,51.9,18.6,48.03,288.91,13.05,610.0
industry,181.89,1305.93,422.61,19007.81,509.48,27762.51
industry,1065.47,3291.09,503.86,10085.02,2327.11,95040.13
industry,377.44,4721.29,921.76,17861.91,1913.76,114919.12
industry,1658.62,3028.39,687.84,18599.86,1895.59,111561.59
household,164.73,38.21,15.29,277.02,11.87,769.87
household,187.26,58.65,31.04,783.38,35.63,3309.67
industry,1621.78,1310.71,154.37,17790.0,1094.5,30617.79
household,23.73,57.58,44.15,752.76,18.02,961.93
industry,253.1,1162.23,333.08,2705.43,2741.4,17889.24
industry,566.55,4155.47,375.7,3118.27,1754.19,40873.16
household,150.9,54.67,45.38,598.59,26.73,3091.41
household,67.28,59.94,18.05,901.21,5.75,1067.57
industry,1502.06,3188.43,886.85,1942.51,845.48,38246.86
industry,1757.99,891.99,513.02,14136.91,859.08,44014.97
household,102.92,35.16,46.38,612.06,38.11,3163.79
industry,1477.71,4083.35,841.29,19729.6,2394.72,119351.73
household,150.91,80.51,43.8,455.55,2.56,1064.36
household,83.62,58.34,28.57,657.28,24.01,1050.86
household,113.68,20.41,21.68,773.75,24.13,2989.79
household,110.96,39.58,34.53,825.04,14.98,3326.49
industry,1443.83,1634.78,474.39,3345.55,697.34,17701.0
household,14.2,35.8,23.35,448.93,6.92,597.76
household,148.34,60.03,39.25,792.77,48.77,3418.44
household,187.98,51.57,29.89,260.57,5.41,919.21
household,123.49,39.36,28.94,869.09,17.0,3351.97
industry,260.1,2102.42,696.37,6208.29,2500.26,25294.45
industry,1117.16,3358.96,236.66,5023.17,220.34,36304.48
industry,1438.24,4678.69,751.81,6819.09,868.74,46782.64
household,110.24,25.89,12.11,753.48,6.07,2934.24
industry,1016.32,757.9,215.86,14441.1,2164.16,23206.53
household,148.25,92.26,40.49,632.55,9.6,3307.48
industry,147.05,1619.69,437.5,6313.09,495.47,17806.47
industry,1629.83,1336.0,130.72,9288.67,2009.09,25256.25
industry,1629.72,1115.8,116.23,17974.69,1224.72,29292.11
household,150.06,3.67,28.99,402.69,46.03,845.67
industry,1284.69,783.98,358.38,13782.36,1078.07,19509.18
industry,549.56,2675.74,457.69,2423.02,407.87,18420.43
household,31.71,25.54,43.12,440.19,49.06,752.21
industry,169.28,737.35,842.46,3241.48,230.94,8067.21
industry,576.69,952.53,423.6,12717.54,2596.32,21778.18
household,73.16,31.55,14.26,430.12,4.97,678.94
industry,1750.26,3040.88,540.8,6407.41,1599.91,44590.38
household,96.57,48.2,40.31,353.73,15.9,836.6
industry,315.27,1273.61,569.96,4127.39,285.25,14670.42
industry,1718.89,3016.48,539.01,2892.01,146.48,38089.52
industry,1735.27,3627.13,60.02,8487.71,2567.76,46609.05
industry,1205.27,3948.56,436.1,17716.92,1981.18,56349.72
industry,615.95,1922.97,852.72,10050.12,2042.29,54473.29
industry,671.84,1328.2,768.63,10009.0,754.79,45548.04
industry,1991.47,2526.25,289.9,9413.76,2557.08,30474.6
industry,486.72,3960.78,454.23,11742.9,160.93,41119.63
household,82.61,30.18,11.5,554.83,20.15,822.62
household,167.62,13.37,47.42,776.28,47.07,3378.11
household,28.85,42.86,35.14,293.64,31.37,631.77
industry,489.12,4090.99,751.62,2212.1,1222.95,38377.11
household,191.37,91.85,11.88,404.93,20.26,1077.83
industry,925.61,4412.9,221.62,19006.04,734.44,51156.2
industry,1226.81,2701.52,176.68,5608.34,945.91,23541.26
household,66.99,47.43,16.72,419.32,20.0,693.79
industry,1196.71,3533.17,65.83,7439.95,2407.41,42712.61
industry,880.39,2770.87,56.99,14142.68,2017.89,29866.2
industry,1525.63,1898.22,538.77,17279.87,1453.95,65173.51
industry,1615.83,4389.65,484.04,10027.06,1219.55,50485.86
household,140.93,86.36,49.87,484.17,5.56,1064.22
household,176.77,20.4,43.06,601.92,2.73,3237.67
industry,863.22,2762.38,847.48,13365.83,1883.69,63142.63
household,66.59,78.0,28.87,304.73,8.31,707.68
household,165.9,0.71,28.27,396.31,2.62,796.99
household,144.84,98.37,12.01,187.03,36.02,858.97
industry,1555.15,856.46,94.71,1369.51,647.5,8848.25
household,91.39,2.71,41.34,109.46,38.09,548.06
industry,1604.79,4940.09,288.33,10683.47,2735.71,54984.8
industry,1268.63,4671.08,963.96,10670.22,1413.19,99023.87
household,59.92,47.22,22.97,956.93,41.18,1247.43
industry,204.44,3103.44,128.44,3935.9,1374.73,35901.5
industry,241.24,1019.13,876.2,9972.3,2167.36,24275.84
industry,1184.62,4593.18,55.87,16402.99,2850.27,53563.56
industry,1259.37,4740.67,798.79,1456.78,1649.01,44160.95
industry,1493.0,4979.4,323.14,11226.18,1646.64,50629.3
industry,205.84,1081.51,104.85,17055.23,271.25,22821.95
household,142.04,51.52,49.61,650.21,18.55,3280.87
industry,125.96,4530.77,77.5,5553.27,193.93,37087.76
industry,1195.33,2039.31,819.48,5527.5,750.71,22102.91
industry,372.74,1334.34,222.96,10744.39,2549.91,24272.47
household,174.05,13.95,32.77,881.18,29.16,3405.79
industry,838.66,1091.36,299.36,12043.09,2182.69,25148.56
industry,1920.46,1614.34,380.65,18015.56,2903.2,36776.68
household,40.52,17.3,20.67,207.58,11.52,385.03
industry,833.95,2090.63,349.85,10329.38,1030.13,23879.66
household,155.13,51.41,41.17,570.25,32.05,3257.89
industry,1394.44,3721.93,626.96,2682.99,2062.93,40611.91
household,197.43,27.83,25.82,718.47,40.74,3272.13
household,51.34,13.38,48.13,165.4,9.95,451.62
industry,582.57,4449.61,135.09,14591.92,886.31,49118.4
household,143.77,21.75,24.67,451.83,48.82,1000.95
industry,944.35,1864.77,730.78,7814.57,876.6,22818.04
industry,1730.81,4301.89,391.69,14057.45,1007.22,48530.95
industry,1986.59,3999.73,264.55,4344.47,2612.08,45983.45
industry,1642.09,1822.63,474.01,14813.35,2109.47,34139.77
industry,298.39,3060.42,554.91,9701.3,1250.69,41365.12
household,62.19,47.44,23.35,621.38,44.45,968.6
household,145.75,44.46,11.08,504.34,14.82,3066.08
industry,1057.85,1952.64,295.2,9815.72,486.52,23807.96
industry,410.75,1868.56,640.05,6734.2,2709.25,25537.05
industry,1323.43,4254.46,598.49,13281.74,1429.25,101761.9
industry,1665.12,883.71,872.87,10484.54,959.96,38733.02
industry,1414.12,4077.55,205.19,2981.95,521.99,40020.99
household,136.72,26.71,46.43,492.1,6.45,968.47
industry,243.03,1005.79,96.84,5892.11,493.42,14269.62
household,83.47,82.11,48.78,508.53,25.35,1046.63
household,62.27,63.91,23.64,997.91,13.18,1209.73
household,134.3,99.82,13.0,300.71,20.39,900.55
household,22.4,82.18,35.85,682.61,6.42,969.09
industry,1558.97,3883.08,608.95,5040.62,381.35,39133.84
industry,972.75,747.96,455.55,9911.47,2792.81,21067.51
household,85.61,93.15,23.53,922.49,49.05,1420.18
household,139.68,66.22,38.61,341.33,15.78,899.83
industry,294.81,553.63,182.71,14598.98,2921.1,23106.29
industry,246.24,3518.44,830.2,5648.45,1321.77,41804.91
industry,768.67,2507.67,688.08,7344.15,837.35,23989.29
industry,1544.07,719.45,851.54,9322.84,1092.95,18517.12
industry,1399.2,3889.03,741.08,17522.71,649.39,102711.05
industry,1216.82,4281.57,66.62,1931.09,1761.03,41799.41
industry,1128.59,1778.26,995.04,19364.62,1378.14,67717.48
household,120.34,74.17,37.01,285.29,17.62,833.05
household,68.1,75.92,34.79,169.67,25.64,657.75
industry,1644.42,3104.4,637.37,15847.78,2139.5,108314.42
household,137.84,49.72,48.01,369.94,0.96,894.39
industry,163.5,3109.07,208.18,14532.18,610.08,41652.03
household,19.14,48.36,10.59,929.03,48.8,1059.86
household,37.86,64.59,19.32,241.08,34.17,607.56
industry,1037.47,4602.35,931.61,4142.98,106.74,43165.79
industry,773.64,3040.67,289.71,18390.51,870.49,49976.11
industry,1899.87,1425.3,633.0,5238.64,1682.44,24065.0
household,138.6,30.16,17.53,373.36,4.65,743.64
industry,1078.09,2809.67,151.86,9046.16,1411.86,27066.55
industry,285.46,1250.82,927.54,16607.95,1126.79,57347.31
household,53.58,21.83,12.19,115.9,5.14,315.89
industry,1792.85,3062.74,840.77,19840.86,574.49,107161.11
household,98.73,68.57,19.05,218.63,44.35,742.55
industry,1583.33,4595.88,413.69,12982.07,1347.41,50929.09
industry,1189.52,942.55,476.81,18869.45,2863.22,28617.07
industry,580.39,802.78,304.6,18331.96,1936.22,24848.74
industry,699.87,4061.13,696.53,6691.57,1427.46,41894.67
industry,546.56,3435.27,434.94,12324.83,411.61,40835.92
household,183.39,17.74,10.28,824.95,3.84,3160.43
industry,1934.35,4621.16,527.73,16107.1,493.66,110804.28
industry,217.35,3804.58,545.65,5050.87,2367.01,41173.96
industry,267.95,2040.01,982.31,12963.99,1306.87,54011.37
household,36.17,5.43,10.74,229.26,32.9,410.14
industry,1864.65,2735.35,850.8,9471.85,2154.89,33121.28
industry,785.53,3887.81,525.03,3428.43,1788.49,40293.96
industry,1001.61,4172.26,460.46,16131.42,1826.7,54735.92
industry,1458.41,1619.59,914.71,3933.9,1917.63,22386.47
household,175.97,23.65,18.46,762.43,16.0,3192.33
industry,1922.26,1365.56,731.5,13622.45,1095.8,55614.03
industry,116.38,589.88,607.27,9652.5,1602.24,14843.13
industry,1518.2,1154.83,884.08,6114.61,2948.54,26368.41
household,50.04,23.67,35.12,846.95,20.78,1005.66
industry,155.42,2935.57,100.26,14321.74,261.61,26995.76
industry,1991.73,2660.83,511.59,11751.18,2758.59,71784.48
household,10.14,59.41,38.77,656.87,4.08,823.21
household,183.82,33.54,48.09,579.75,31.58,3226.59
industry,967.37,1172.46,933.44,9715.4,626.73,22255.8
industry,412.68,2328.5,930.26,14498.01,1314.88,60439.56
industry,153.63,4348.24,390.82,12991.22,2173.21,48956.23
industry,432.09,3416.14,283.18,14633.67,2352.78,49774.35
industry,884.09,952.06,533.7,1468.73,1280.01,10317.71
household,149.2,68.47,18.48,315.1,14.06,869.26
household,185.76,36.61,14.15,732.16,14.97,3133.35
household,139.25,82.54,15.86,243.7,39.5,899.88
industry,331.05,3348.88,904.07,12851.13,488.67,85009.57
industry,1899.59,2329.08,783.24,10193.67,2702.84,68970.23
household,74.88,21.56,42.55,295.39,27.1,699.35
industry,649.39,4785.17,97.37,3848.28,1658.99,42268.68
household,85.94,98.29,31.46,552.37,12.89,1062.05
industry,1871.31,3496.76,831.52,1252.34,1671.84,41244.5
industry,1654.48,3502.99,169.3,15545.32,709.56,47397.75
industry,1331.69,1275.74,878.77,12649.21,555.89,54167.97
household,154.88,58.49,20.65,128.21,5.97,704.77
household,105.36,45.5,40.14,219.22,27.35,736.98
household,59.53,29.69,10.03,966.78,45.88,1185.89
household,176.21,12.89,38.8,191.05,31.16,780.97
household,142.38,9.66,20.97,388.05,38.16,856.78
household,174.65,59.36,15.08,484.79,8.04,1045.81
industry,1721.03,3115.94,124.98,4641.76,1476.18,39667.81
household,111.78,39.42,43.93,543.68,23.6,2997.14
household,20.53,55.42,33.52,941.09,36.3,1207.42
household,160.85,48.65,23.36,196.14,11.94,796.75
industry,1579.01,1267.42,474.98,4998.73,2099.79,23712.25
household,114.83,35.66,27.89,968.97,18.87,3206.57
industry,1045.28,1741.77,744.46,2455.83,2025.7,20857.43
household,157.41,33.87,32.55,284.48,37.1,838.85
household,165.48,68.33,17.34,838.83,21.44,3254.47
industry,340.61,1303.34,518.38,2556.83,668.34,15253.49
household,149.6,32.15,11.39,214.5,45.73,756.34
industry,1979.34,1692.71,688.46,1988.45,429.57,17937.12
industry,1690.61,4393.83,622.7,14823.19,433.95,102465.08
industry,814.35,3903.4,562.68,2472.19,152.28,34981.27
household,142.88,11.2,43.98,579.56,23.57,3171.33
household,176.43,78.32,16.72,561.03,24.37,3228.62
industry,432.28,3526.9,214.73,14770.95,1565.53,47996.37
industry,1512.37,3754.99,179.25,16885.5,548.88,48339.79
household,148.69,88.87,12.47,505.06,10.24,3079.09
industry,370.14,737.72,644.55,2035.68,2525.68,12802.09
household,11.9,88.24,32.87,398.49,36.15,780.4
household,32.1,97.01,10.88,822.43,39.4,1117.13
household,58.8,9.25,14.04,279.11,49.99,529.56
household,39.61,24.34,43.69,288.38,3.63,543.37
industry,1798.61,2847.7,299.54,15578.3,2787.33,37416.42
household,86.43,5.12,29.86,210.99,20.05,518.05
industry,299.19,1705.74,544.18,11749.1,144.4,44992.59
industry,1443.73,1356.72,398.39,3010.3,1921.8,19694.56
household,23.38,35.49,30.13,543.95,0.2,685.52
industry,819.54,4294.15,662.0,13363.76,2613.78,110008.23
industry,509.47,1494.82,742.75,10505.52,1303.95,46986.31
industry,1615.1,3740.5,131.83,9812.39,604.53,43007.34
household,31.97,38.86,11.49,925.84,33.66,1108.06
household,32.89,85.15,16.26,977.28,42.13,1260.3
household,174.08,34.09,45.98,946.79,33.54,3548.82
industry,1143.88,3158.9,670.09,5857.66,1157.24,42227.68
household,112.83,80.39,30.36,156.2,19.2,738.86
household,174.87,43.21,48.66,506.99,7.14,3064.24
industry,1463.95,4966.81,713.42,6582.09,2048.95,50377.71
household,69.19,78.29,27.71,536.74,38.9,978.7
household,105.74,1.35,24.51,640.98,42.43,3068.26
household,137.44,26.94,21.1,940.07,36.18,3340.18
industry,260.3,3582.53,722.37,7839.86,322.5,39304.67
household,46.73,95.07,26.35,520.01,2.64,833.89
industry,834.1,1702.66,450.44,2793.55,464.55,16154.16
household,97.54,28.63,19.9,680.71,32.55,1034.04
household,166.8,86.82,26.57,728.08,13.41,3494.15
industry,1084.59,668.88,590.77,18494.65,2908.42,57338.2
industry,1847.31,1900.38,248.61,17121.16,2727.46,36163.48
industry,965.38,3119.65,388.93,4121.14,1560.79,40352.08
household,126.94,19.27,34.26,709.72,26.29,3162.67
industry,1672.46,4855.39,895.34,12410.16,1637.15,102607.05
industry,1794.91,3797.95,532.94,19844.8,871.71,112388.67
household,26.75,41.37,40.01,724.06,49.53,987.98
household,171.32,44.36,46.75,496.34,27.44,1163.58
household,175.94,5.98,45.54,396.17,15.73,923.77
industry,1521.4,1437.25,244.96,4600.86,464.29,17698.02
household,83.25,91.54,40.48,554.6,49.42,1133.63
industry,739.06,3140.37,147.76,14872.47,1223.01,47144.9
household,122.25,72.14,47.65,893.47,25.76,3509.12
industry,1365.13,2204.03,956.7,17609.21,2153.03,75124.3
household,147.34,3.25,33.81,585.27,48.44,3047.0
industry,647.51,3217.64,97.11,2798.94,195.28,33192.92
household,46.34,61.54,26.23,136.97,17.36,494.33
household,177.81,94.82,29.47,732.09,42.6,3410.72
household,187.47,76.64,36.32,841.51,32.38,3683.27
household,133.49,75.38,34.88,586.07,37.48,3261.93
industry,1016.74,3301.59,59.54,4701.97,1524.86,40832.86
household,168.98,16.37,21.08,159.22,35.3,697.77
industry,1935.44,1087.85,403.24,1490.94,743.16,17151.24
